y;x;x2
4;1.6136843689304;24.6955993662911
7;4.13150790790053;-19.4947575192853
7;4.64829457946573;19.1945243613165
7;3.86786744632394;2.81560014843872
9;6.13751131637731;40.6521579077667
7;3.58912546014815;0.131106407940497
1;-1.25859586568453;-25.5421404450922
5;6.17594946613514;14.8366874293324
7;3.80260584133031;12.0900732185398
6;6.20232326543492;4.64747304739245
8;3.54312293315822;-16.1310064423445
7;3.27892924108251;-11.7782933215654
5;1.33516560809487;4.74748567019148
10;3.93121302140089;25.7622029200866
5;5.65811914415854;-2.28915427810121
9;4.10479364852162;-12.4289894437079
5;3.04392315374976;-49.084060508934
5;2.98691027860671;14.8849967308129
4;2.84335169059143;13.5468064999823
5;0.0555110361212243;31.1838172021937
5;5.38250795025771;34.334452846214
5;4.03376358098518;2.13887867410767
4;1.61360337939684;30.9702745242148
2;1.68981517528592;5.02627095111844
4;1.55914767962652;-8.52820151371161
9;3.32514421696891;-11.9639319377094
6;3.46049383709054;-1.93882200814871
10;5.92229912212618;9.54958886054143
9;0.767243337989886;4.45197192777777
3;3.03056764203597;9.01755581170066
6;6.09055984771243;8.97885343645591
5;2.23580442453433;19.2919871216738
5;-0.0539803931919107;-0.463635497796987
6;5.19756146494034;37.7069491586346
4;2.35892316537706;13.7538777295929
8;3.78721946764406;-18.8707170149816
4;3.19050284122567;-0.53299608398361
5;5.21845994869047;15.3176610107024
13;6.41991598234575;-3.22110664172686
9;5.32878855240125;11.8999009894515
7;2.25299853127131;13.6879172166228
7;5.54446923015487;31.0695536601006
5;7.20076539578711;-8.03391821466152
7;4.43411454015348;4.66238275344023
5;1.77332511724927;-6.35384910587182
6;1.95730593775734;-17.5426573952657
8;3.72186090030735;-31.9794062235807
6;3.60923945523329;8.91058110363781
5;-0.634450740919049;17.0313045039117
8;3.9901432649405;17.7831631957987
3;0.727628909852513;-22.7998563492416
5;6.47109483704843;-17.5935570679517
8;4.41494124575701;-17.8230838967514
6;4.34182487298117;-8.77342999201773
4;2.50845989280395;8.40395636304258
6;1.53012445407533;16.8896685451482
6;-0.150188669069211;-11.3006530144991
8;4.29067858273048;-52.2869367413346
4;2.56768168057612;24.0764696341652
9;6.36920321996203;17.3056954122689
9;3.96770616684421;-9.01741401100527
2;-0.484346304760167;-16.4732268293958
5;7.80147105452147;-0.99982393599473
2;4.23933869884694;7.16213125605141
5;-2.82559121781073;19.4640152717535
8;5.97296923599415;32.8019019214853
5;4.71528444781797;-11.9776679675681
6;1.38509234743822;10.81445689287
3;6.36436971999076;31.6835206740484
7;-1.67747970041619;-13.0268431051817
4;4.54028434251355;0.544731741342981
10;6.3834149253113;-30.429360564068
2;1.69110460641256;10.7484450022889
8;4.55356129862539;-7.82383524647998
3;1.99957635226971;-13.4987528447789
6;3.15261115342009;-10.5995493837065
6;1.83995089232365;13.8900674718874
3;-0.263489204090364;-38.2493800522332
5;1.2786228596496;-3.51021799841891
7;4.44240757247137;-15.2743531840909
10;7.22744653905733;-14.2423805660749
6;2.45846648119912;14.4926925455473
4;2.15444317735645;12.0350853920907
7;5.22515189550986;2.85959287506038
4;2.22025346446543;15.7503451320069
10;3.19542250239643;-7.0420979689626
6;0.839577562269948;-35.4659529066736
5;6.44934317202062;28.0884256119628
4;2.94213965585088;0.386140046117822
10;5.40130374859495;-2.30177536429821
4;1.35076431196476;8.15035858751445
10;1.65741792529764;20.3186444596879
4;2.53016709313041;13.5217393240463
4;5.48190241962662;23.5453079993062
3;2.11823797022426;5.92269185680975
6;1.07373053318347;-5.08571286182222
5;6.46329595167586;-1.00898816711123
2;-1.2228594016373;21.4583195729174
5;3.68994502962534;-11.9853759225808
8;6.13735867409555;-14.0722019136239
2;0.649236295700418;11.2695743176515
7;4.59324520570752;17.2494661486663
5;2.43700306324423;-28.8216645507376
4;2.42723956776643;20.6939725488465
4;-0.487297206359768;5.23850270520046
5;1.45751953185216;1.37489424260079
4;4.78369163049586;27.1390880496134
4;0.196608989043132;34.5878974197653
6;3.61905350971382;-17.9479888199968
2;-1.27439193655915;25.2330875302799
8;4.59996593147238;-7.64138389949763
3;1.86075452802267;7.64722639038179
11;5.84984230919861;14.6185212945065
4;-0.800504330458138;7.66355255169214
4;7.99477935410576;-24.2572892465639
10;7.23049848342082;-5.12803560949482
11;4.44454996950798;35.7932647467509
5;0.870211043556251;8.45587236774583
4;3.91200427383163;-11.7164784815936
9;5.87332208040512;-8.11857407759216
8;3.76450269414012;26.1513217307064
10;2.78368929457438;11.9216697973073
14;4.88059836553121;-12.9437308398739
11;8.27017014000309;5.12530422511261
6;5.32025797546444;16.9334101815146
5;1.00587635025002;39.4510361588802
5;2.78818765716288;-12.6349896681869
6;4.59392598078288;-2.59891910333735
6;2.56838350693539;24.9222003174752
5;-0.394840414690771;-4.18241785887682
11;3.9308192449922;34.2053149242514
7;6.57088350998832;25.864923539007
4;-0.639184809408643;-28.1808194069367
6;0.216731141060025;13.4791555245479
10;8.86310088717349;-23.3832585237048
6;4.0205374431862;-24.2938491334137
10;8.03071625114007;6.40841944295663
7;3.69402819515017;6.13396443960543
7;2.82551924265278;4.34583645468825
9;1.21856715261019;30.2856244813275
6;2.00953301422966;10.8997577146048
12;5.33059467419548;-8.46173641008978
5;2.21543591434837;7.39176582981912
6;5.17105553055702;-5.28793017982588
5;-0.09875422496554;3.63776852266926
7;3.74553683694774;-17.9602382367349
8;5.58353924103251;2.69511039741661
7;6.92152189263379;7.05872783698017
12;1.85497596577539;-9.03486974206279
7;4.158244568777;5.82461248540588
6;4.35137129046436;-7.97536701196957
5;5.21586296235589;-7.88015718932885
3;1.71552768059606;0.911223498672561
9;3.51402805683789;14.8168183532319
5;-1.08980006001395;0.893260254589405
13;6.60505854594136;8.81382647850511
7;2.8036716469769;24.4004838532225
15;11.7983760221969;-0.705221556941388
6;5.55289782364598;2.92761462916467
7;4.21111198369771;15.2250908240741
6;-3.17113197593926;-20.1632490003144
7;6.05221452040798;15.8765193791239
6;5.54186783012275;-5.69927173165978
5;6.99252562884073;-17.7609205356014
3;0.43289652389604;-30.3600754175131
7;4.17678836691342;-9.29956405735484
6;2.91808284102756;-18.4040452871924
3;0.304101774017545;-18.5689629683892
9;5.7119582783271;37.5458267590666
5;2.47424268997866;-19.2429333125707
8;4.30926854911897;24.9501983488257
7;5.07843811745829;15.9049128284034
8;5.90208885823554;-12.6957823035024
6;3.4624474676811;-7.22461395762742
5;5.39302189326906;-3.20399025666714
8;6.21563701143947;8.80818739673629
6;1.49616444222421;-1.96649857918676
7;2.02667785722355;21.5369506056998
4;0.894084265251019;-0.853738046054452
5;4.13003460353527;-38.3069241992648
6;1.99845048659648;3.07566447593239
5;2.11425194971553;-32.0391369249717
7;1.22147723278553;23.7562227046418
3;0.476397255265278;-9.95372962878994
11;9.97685420893677;-17.3048287140033
2;3.69813884299811;-6.83012830597649
9;3.2904320608509;16.7046136781839
7;2.76722465317116;-33.3711639861973
5;2.76085780125411;10.0763358300819
8;7.47900682314479;-14.4448353249234
7;6.09875281982024;4.82973103923966
13;8.6069689884785;18.5808382201496
4;-0.921706909439536;16.3926273338484
10;6.29640396168016;35.0592332225679
9;4.80530486985932;7.58170802330949
9;8.8258124278624;-9.02365903353236
9;3.00217112492138;48.0741443195446
8;2.09020002077401;-1.06492276523499
12;8.52823605205637;21.1515955381603
7;1.53308608162919;23.6198293225283
7;0.387800236218466;14.0980419654587
7;4.65112990405901;33.508413801272
5;2.69713075987743;0.820176549744999
8;8.1963729666464;-19.6280555818122
6;5.70742435247557;-2.21207154306694
8;9.36160942535526;-5.94426598968113
5;4.26567723352131;11.5599201502893
6;3.13938330922404;-13.6659966418731
4;0.139725322782418;18.6162164960035
13;10.9615529337207;-18.2776480037272
7;2.22707491248486;40.1089901976669
5;-1.98397771550629;33.9927472850982
4;3.41286331907878;-3.97589882422168
8;3.04118243770399;7.80134577860929
7;6.74289503463906;-2.47300656355164
10;4.80652234256433;-19.1286823447617
7;2.55169578425491;-48.2269194988203
8;6.3235566773974;4.49811013468819
6;8.12120444123568;4.31253485501873
9;8.12737668363802;37.8471807808969
6;1.9298497867932;-34.9092429507766
2;3.95846369317549;-8.24341517204819
5;4.18856758206226;22.6007598462007
5;4.14614003833521;11.8477484000329
4;3.72841425334627;7.43507711047571
6;5.81329810743762;-7.41522069023627
9;7.09239845041541;9.01890535148045
5;2.03697623498532;0.281893039533182
6;0.0148245703876366;7.27322229940453
6;2.82601672552816;-6.55858390575636
9;2.03728338708405;28.7712977167666
7;2.32388697280016;26.1987255624295
3;-2.02005204868239;31.7351642172935
9;6.43872308317206;-2.34338342260434
7;5.58479576919965;-1.0867340955679
4;2.99872826324567;-2.00559248471427
8;2.64781668048416;32.4828952545605
5;5.22641915102566;-0.994409837501382
6;2.66845168110734;6.95270288450464
13;7.35402977298885;12.6237605744744
6;3.0834267012419;18.5642511363757
5;4.28384003000632;-0.353465444685393
4;2.67464807450965;51.9193132866983
8;1.96957422578124;-13.5498931104966
12;9.39722242741349;-23.5311434739548
6;4.59473226012691;5.84605328779625
8;3.4112622647737;40.3488694000963
7;7.40690714536848;6.05500654290734
11;6.82483817857164;7.19452079939935
9;6.52358868808369;22.2640523111631
7;3.07360669622919;3.02053590460766
7;6.89354757686844;7.07393092172441
5;2.02826816397994;29.1696975136928
5;2.07831632167095;6.87492042105544
3;1.72849605155278;-10.0439303789217
7;6.68337968860202;12.8984843974532
5;2.71511365794126;-16.8304086797484
1;-1.04166360852704;-24.1658484999139
7;2.35478046534795;2.54575430088491
6;3.8503925698464;-17.0185838333679
9;4.78925614313465;16.6184614367951
2;-0.489983206617635;2.06105021280424
7;2.9507243027463;-10.3266923014471
5;3.07651298510774;37.4579515708925
4;2.82073780930738;2.80118911928019
3;1.55747962010442;33.4340970852411
8;4.65940801386715;2.73157902007204
2;1.18743095196786;-1.58561883162305
3;0.680165720712653;12.4692196719429
8;5.8789333298592;25.5977626187962
5;3.24913798918908;59.1155009439868
8;5.2710990686444;-15.6989174249849
6;2.03357996901786;1.33140282718545
9;4.35439444019368;26.5554261490265
2;0.293644337864452;11.8324045059759
6;7.28251134370041;1.25312751762652
9;5.55817383539475;-21.0571821705895
7;5.79082275180799;-0.573165239513323
5;-1.1782639203454;1.30492183083467
5;4.59245095962511;3.36445005652872
6;4.92990303628276;37.2448358745413
6;3.29333180819519;-4.23879679009336
10;6.16687181132045;-26.5210060163727
8;5.61136119395441;14.9286614706225
8;3.28918991764363;2.76092432362063
5;5.74344769188566;0.913071995760539
6;4.0117544859511;17.711363257128
5;3.7929300549794;-53.1334790814309
8;7.08236695413259;-6.0731650552191
9;5.09104878406714;1.93096343498154
7;1.27407094414979;17.1058103152088
6;3.23742868940358;-0.22013192368722
11;3.35852615457059;-15.102769248225
5;3.60515275205665;12.4513222862517
7;4.97675131029923;5.38892353040248
8;3.22085545533981;7.21057630790552
8;3.66378771885857;28.1314087384716
4;0.662630149911906;-5.84440920423525
7;5.3807972794131;-19.9840256683816
5;1.85890121468809;-20.6002519350638
5;2.71805862179301;-15.4786557558077
12;10.1673471392138;-22.7530115997613
7;6.40969524934012;4.01557771187747
6;4.12368817301895;41.2192146096628
11;3.94313588481637;3.00979868583467
6;5.40761038127114;20.5447424859477
4;0.115578833266925;-17.0519265036003
13;8.07769656993263;0.567104345964112
7;5.29284336059282;16.321899251918
8;2.52715529319478;-2.09918690510127
10;8.8962447232321;20.7052520293609
8;5.67690549992877;18.8809475719881
6;4.12545337573823;-7.65459791169911
6;5.21643313508327;-10.4391728392262
4;2.96663583580719;52.156347752022
4;4.83065355640247;1.1490132728038
4;2.17541968507996;5.13238668428394
6;4.86017958532968;3.90907950745278
5;1.97687390003899;-6.36413761080752
9;5.57519398880746;-13.5395188739329
4;-0.850473264823205;-17.714703627614
9;7.37144879322215;23.279246781089
6;4.64456710636575;-14.7212566664575
4;3.42664020584791;18.3497082697926
5;1.88988258996369;33.1319097941324
5;2.40124609513257;28.1555792023575
6;-0.902235120696308;2.22493604852933
4;-2.38254139137626;-5.78643701920275
7;3.28631634120246;-16.5778699812303
10;4.65478439549487;4.62875720097782
8;2.19592628108314;0.347686286425912
10;5.95910768994704;8.12587085028321
11;9.0022567208155;-7.08019509508066
4;5.72360742903258;17.5807024024333
6;-0.476504702871253;19.2833914170404
6;4.08643285510217;26.5177220257752
6;3.30253815178574;49.9951103475865
2;2.58524820155852;8.95781197758585
10;7.09039296175945;-6.51092636957408
6;4.10212989186529;3.45358269990811
11;9.79402625856663;-27.5583977820204
5;2.84718045978302;7.59846307938074
6;4.20441024885957;-3.51346266520122
12;6.81072853628268;13.1202349704225
6;5.22579605801041;-0.376203712761432
5;3.2700580892775;-22.6196907259541
2;3.82135048346382;5.73166642689119
7;6.58830838451029;-22.0648906235277
10;5.03126742782366;22.9401238788452
3;1.70295632794412;-31.5871942452785
4;2.26910264442172;2.16246111656018
8;7.62682075011359;14.1596355568556
4;2.09491912196667;-25.3923502617997
8;3.61775781676167;32.9811062932054
15;12.6958125868408;-12.7067838180605
11;3.67352853974907;-5.12660582442642
7;7.2830773583392;8.26664211932661
8;4.88827830504493;-1.74287712516784
6;5.4662566422405;-15.7190306401965
8;1.60478815173811;13.1867585643343
1;0.97039737763582;-5.48446916433773
7;5.11955192401157;15.1300074704837
6;3.23258811440132;-5.09445725549417
5;3.4553998391769;-14.1450065790701
9;6.96686906400591;3.10731283093487
12;5.10814955606886;17.9887863522117
7;0.712858529305439;9.84643598654131
5;2.59062339715337;3.82131819476572
9;7.39134155465453;-33.9558814315235
8;3.84984144971852;34.0288726378299
12;8.08907292904846;4.20120644724555
5;1.97106304240985;-12.2799538213982
10;7.27850777090343;0.966195205749631
6;2.74054445876565;10.2251112545486
5;3.18968134154016;-25.3670276661172
6;1.81715226057761;19.3461726455161
8;4.93563975694608;9.93665456192834
3;0.997700544396182;29.0553409261017
6;6.96234862864051;24.720785408947
7;4.17082293757821;-5.75881198124478
5;2.0335333394131;-4.80565483627912
4;2.90818417049867;-14.9103234512489
1;0.35243472064483;-2.23405856509229
3;3.59601618301996;23.8870962259385
4;-0.229396249338464;40.8441402323091
4;-1.19116637565605;23.568187917286
8;7.87086127610269;-31.5987533926137
4;3.04889913310431;21.4375621232623
13;5.02115084277765;25.7253752400681
11;7.37514979957568;17.348402882596
8;3.78010294373054;-12.0986072623757
8;2.53703674241141;26.2902103696942
8;6.80433609392175;19.5896291620733
7;5.95438766180973;18.2531316871618
4;1.78767813130491;-2.62814405408485
10;4.08527262879511;21.9178355558716
7;4.63398877545442;7.23183768891625
7;1.47539774815217;3.64459476687928
2;4.13005350409722;34.7419619303656
5;0.63050563282308;20.1444675329246
8;2.99556433838476;-52.4808498679742
6;4.73283018228658;-3.53084898154963
8;5.1738564112019;-24.7481259126395
8;6.87868418256702;16.7758329142187
7;5.27877507189879;-3.85199021551559
4;1.09878930297052;23.026096046404
8;4.05182683769032;14.3565668073538
3;2.52698946356881;5.4408063733406
7;2.70751763289393;3.29784336408776
6;3.83149574147224;-2.22534285306916
8;4.34158619619315;8.99013003074536
9;8.27390036725013;-17.1650850940061
12;6.9551152047384;18.4558814097271
4;2.78593966818406;-2.88227266747281
9;5.39110997639649;-9.87935171169985
6;3.17040166670576;-1.5222695356682
6;3.14795206327323;42.4933765362895
8;5.76245479651929;-30.1599829069347
4;1.441914079953;-1.97721819929737
6;3.74602536019465;7.13178458236771
7;2.58390686494171;-5.75317562410293
10;9.56569096147707;-3.2253826382367
5;4.87533229087583;12.6469667595224
3;0.477896684567392;9.45028177085284
10;7.16448193261654;-8.47509016639402
4;5.47426787377513;16.3486582774105
3;5.51514075050623;8.58967309520001
6;5.36754239885009;18.7268349897605
5;1.94899214571815;-21.5452732296682
5;1.82844979002665;-10.3583287644467
7;2.12597266090148;1.14594982654423
8;8.14643139472915;24.1810239616442
6;3.7812840217789;-5.58062723958883
10;1.98692051236362;-15.6577398190171
5;6.35400352712211;20.4349098089481
7;3.28211690536898;14.3071332839707
6;1.34268319764623;-19.5134213382795
11;3.07935088108903;45.9335448044066
8;6.66949479539333;34.9734889779459
7;1.24743798695127;-22.7789816935368
9;8.42973965112116;48.0675292744562
10;4.8071461650263;-29.5823348109873
8;3.18177276060558;7.0408497018899
6;2.135682071143;-17.8255825499419
13;9.65145066609035;-2.54018176407562
7;5.96936263963792;-1.97564197524094
10;6.2503604671264;11.4577016245713
7;-0.196921517242754;-17.4867923588032
7;6.07931239772021;-50.1409944464135
2;-1.05477370452373;3.08377801760543
5;5.37806001749796;-9.93399609913299
8;5.07834192214811;9.21562836010769
15;8.61851979601214;-11.9701961701764
11;6.22957884808685;20.8452953140869
8;0.301080646069625;5.58374865151309
8;0.595546616969345;17.0677602496758
5;3.51940180545474;-14.898802096269
7;5.01795635885882;0.773350837124786
7;4.02534937600636;11.8804217499237
3;0.677951396070671;3.21242942032927
6;0.447434898190088;38.08074933033
10;8.77033017112191;-34.2581742641795
6;1.31980344537785;20.1225102299898
6;7.63489914527138;5.28837315886109
4;3.71341008527798;23.9142760812158
4;6.23993736017854;3.02383015227432
7;1.49925133508945;-49.7950848677429
6;-0.161151181771607;13.4061169884631
7;2.71719286010301;0.632414754780315
7;6.75791370223436;-14.7871065919651
4;2.19895088443625;-8.12937792369078
5;5.98295411484408;6.11327096402614
0;1.3673192809259;54.0412688954994
11;7.4998886351786;8.7634714747542
6;4.28673793864212;-14.593927367554
12;5.40489781100389;43.0722093500912
6;3.78815593819534;-3.77039564391227
6;-0.873281821854746;-11.5945219117093
8;3.4074719241748;-19.94462637524
4;3.04400238135779;-8.47618326175582
6;1.72262728552703;43.7033452793392
7;5.63428475127657;23.1312286972815
7;6.0800102817275;19.7305354285416
6;4.49212526431804;7.93250608090252
4;1.72091148362;10.66241593478
3;-2.53323008730564;16.7855344154026
8;6.10904310403649;9.31698953154084
8;2.97578014931055;8.10106469748634
8;8.76912795112889;24.076532726077
4;1.78436381613319;1.68294595041422
7;4.3093810870687;10.1000749114192
8;7.79940650703313;-12.9494471870932
10;7.03494396344643;36.6794020940558
5;7.03485738626086;32.8551725633194
7;4.06395729719682;-31.2451646345784
5;3.80703126727486;0.673606428210834
7;2.59008262473179;15.9971211342176
3;0.973198127927205;14.6547247503516
7;5.0095187805041;20.2169745790015
7;0.0336976322656826;-3.91316033868029
7;6.02272936354153;-19.1066683924705
9;3.63726723699852;11.0293347952943
9;4.03538225714841;-25.7829044719126
3;1.86593326585433;17.7074144698723
8;6.31601336409903;19.059035495103
9;6.99406688918416;-33.1176572923468
8;6.13613434830837;23.7784289911248
9;6.24145311725095;0.510157890084125
4;2.54614271335734;-8.47633550775894
9;4.7817025677098;13.9157488961133
5;1.05764142568828;30.6123421379721
11;6.9092559746028;36.3026026850246
10;4.58453151160382;-19.0109207237899
7;1.72613517570279;-3.75389932747973
3;2.05898365590991;7.92762963648938
8;3.01112910411459;6.32038151107771
7;4.09508901264329;-3.90072030593017
3;4.2176781717515;-41.8422477288301
7;3.00678285174853;-0.567647350157011
5;0.988722698452705;-18.636072646897
9;3.46078858590743;5.66250545128002
5;6.49074865154606;-11.7543402368108
5;-1.07873961669781;2.64777839507422
10;9.57483419255253;-9.83045142258391
7;3.48163523303801;-3.16693938366331
9;8.51307119960353;-2.55541521917435
2;-0.929309536245033;31.5673342399436
2;-1.25820499885128;19.3287261368395
7;2.18089112567061;0.354216234980774
5;4.07666147173425;-19.5245380048533
5;4.08553417233439;25.9507618186326
7;1.96660437306026;-23.7281437364766
6;5.33682926104541;-18.6493785677319
9;9.21765816244612;-10.5240967162631
4;5.81858851521806;-14.446270189515
14;7.50872115985117;-13.0731512238215
7;2.86843883457901;30.7440789208886
7;4.09513790414872;2.87624798025372
8;-0.91376251246578;-9.31741907314134
6;7.86883068597092;18.4344439295533
6;3.16926072334716;8.95267251833761
7;4.63389132028482;-19.4019345066727
11;8.35147153694353;-6.21930240901928
4;5.74509775571636;15.6746526882343
8;6.17303483999196;44.0063092936777
6;5.08536552209262;36.6388645920103
9;2.67759717119152;21.7557504447222
10;5.60516989738618;4.73860674631048
12;5.21467003055529;-29.5159192402197
10;4.95415605895553;-9.61707147363953
5;0.701979353720577;0.691722693060722
4;1.67535931363213;14.8041333710743
8;9.35870516340366;6.18786847512306
4;4.43568149625253;6.16624105849148
9;5.51465542235101;41.7672621314992
12;5.03816101800953;12.7530179882702
6;2.90377424792157;-0.611014493093156
2;1.26343497030495;-3.5703547592715
7;5.56009744299602;6.90649871063876
9;4.98215602303343;-11.2666281788284
4;3.32536889147326;32.3638015485095
13;7.41025997134947;-0.750720601804642
8;4.92996766269265;-5.57104846955038
9;5.90200416631813;-12.4602584651396
5;-0.52702515253001;23.7178614480133
9;5.48945043031235;-20.5453464604442
9;2.93083933413387;-4.37479677878459
7;4.45239219345274;11.2503254667934
4;5.14008034122688;2.83355396712976
3;0.123321457819556;10.0158083466606
7;3.46160584567365;-21.3238678841245
9;8.7138388968296;-3.60150898334771
4;2.32326933240342;-29.0821939517226
7;4.79770800740061;-11.8427473042892
6;-0.187308259279984;27.9650119061746
6;5.00589488243147;10.0566307181843
3;1.76709939615753;6.70574372249036
6;3.58273284385804;-13.6725226104242
7;4.54483652087614;-6.13639212319264
9;9.34735447867588;-15.3274063884154
9;6.19286380935395;6.07050499642297
2;2.82322219490415;20.3026721229452
7;7.48577422795125;10.9838963076301
5;1.26551289606748;-7.35231496426398
2;-0.300875198812547;16.0557462714865
5;2.1326059525459;12.7581699773796
5;1.35321422463085;21.8642188450072
12;8.82763125928034;-3.81255172673187
11;5.05598816356469;-18.5873074650545
7;6.60957793073563;3.30861869282362
11;6.49384014788299;11.0555539010522
10;6.43512467476737;36.181874622487
4;5.04377653457752;3.60674945389513
7;4.4550754655315;13.540788289356
5;4.356801525316;3.33473603447639
8;9.0930346809916;48.1279548152364
7;5.34469810041474;31.7593611876472
8;5.58797743376539;0.353911052095134
7;6.20355922806698;2.45191820105216
4;5.51627057059762;4.56629191456496
5;4.91597675488245;7.26508168769171
4;4.29944598737071;-6.30190820984947
4;0.446968504696209;6.6140077448899
7;3.04546811659852;-8.91542813177885
6;5.08290089896419;-16.9240426590397
6;3.36021603633035;21.0888111550904
9;1.28125691655208;18.1328823986942
4;0.113896102411508;-6.36061354689077
6;-0.289187001406006;30.4557168297628
6;2.87994881160669;1.14912168486059
5;1.73622025987392;-0.673304371776342
9;3.91345785772585;-14.0734342587851
5;2.26926845866244;4.51298707931673
3;6.27060255316478;2.26028070284957
11;5.52366738928043;6.35036782242177
6;1.86206641348936;13.9033671966395
5;1.78143502579626;23.1320077649201
7;6.58280797879779;11.5482113292115
8;7.04611791459065;24.8512325350418
6;6.71374372013806;26.3080114805418
10;5.7164798613263;-53.6096411076116
3;1.92980017095034;-2.25547485975498
7;5.52412773745425;16.3986507618512
9;2.61280995469457;-17.3927094461007
5;3.66793749664202;-14.2130071720818
10;8.87019875420724;10.4747294382441
6;4.90278326320176;-3.82846577280321
11;6.10286022313361;-29.6297563535702
5;2.03752900083338;23.1170968795275
7;5.68496827884782;-11.8167928301355
10;5.02810835565954;12.7269570985193
7;4.91239362974674;13.2486022891403
6;7.50631138019088;35.4253728608469
7;3.86471515861422;8.93128470921644
11;4.62329792539734;18.3122070567356
9;5.03347901050319;27.8118218449622
5;0.445762793797291;-3.1276225609518
9;6.50630257011566;-28.1112270737858
5;7.38033372824886;7.858600729822
5;3.48948830181045;31.5182861661765
7;3.5972041842168;-23.1255532127911
4;1.53039551531786;25.2426322999029
6;1.17673528521897;3.79738314084349
10;5.49309793822356;6.98962848560546
5;3.2446677785766;-1.98443595011744
5;3.67484023588706;25.7370655918066
3;2.48521473272204;33.4831295828327
10;5.81509281709394;36.4169758277237
6;1.45279840884096;-14.3480146613457
9;8.96626051284222;20.1857168868559
5;6.59272064347746;-2.52379308916287
8;3.22906793037561;-14.6681882783039
9;0.475120022640208;12.7979020220643
6;-0.491663285238638;4.64098572503505
4;4.98778093094947;20.8344921018007
6;6.0387779965398;40.8479575127403
9;6.83232122181784;25.7343376987265
2;3.04801414913067;-8.91371231120778
5;6.95366152777063;7.79245329938635
11;8.00596214384741;33.2649098778509
7;4.58813967269622;28.4887519259128
11;5.2686637942551;-26.6956316532858
9;6.64067999562843;23.9285984126759
3;0.523644279648916;-1.81028170237346
5;4.38206173266095;-7.50725381407414
6;1.6045296023888;-17.0240445796542
8;1.80425501058095;-1.23590920147041
5;4.28574370862455;18.7731301076728
6;5.8543916242543;33.7054375573471
8;3.48657248201533;7.77814196400443
4;2.09314938926396;3.53895227156522
11;5.74041434752748;0.95328123776399
6;4.78646932034696;24.0759867148434
5;2.17072455573676;-16.6238689488407
11;5.15694327273691;10.0003740910264
9;5.16810534582698;25.4324396114364
6;1.67108780638387;26.2370302226731
10;10.2121513350143;13.3414042014551
4;4.71606251249774;-18.2473230273995
11;4.21781678323689;-11.4216945962932
6;3.48251204634608;-9.40976515430797
3;-1.10463995309055;-23.8654393739395
7;6.15816854702341;5.80040668886844
5;3.13044748704084;29.4589336793362
9;6.26646910059442;-43.9338783325943
5;1.23610881478661;20.1677578396305
9;5.21172469605848;0.946766917529814
2;1.6702434662699;-10.3826769439002
7;6.20748133205411;20.4001762282121
6;3.45499585590147;17.9677031767908
10;8.48875117090964;6.92434757237717
6;0.656552311546138;-13.3928670633874
4;1.13033952902974;-9.0972355447583
6;5.2202589884803;-27.3446812455517
1;2.0908920574757;42.6178781673395
3;1.22406420699082;1.88811278304773
5;-2.00349441442747;-10.0902749756249
7;2.81480504281851;-38.2190488833915
5;2.84241570771203;-3.58923360600806
8;2.44645912572611;-5.98255809279192
1;1.54645562938622;-23.0463176576866
7;6.3848163209197;52.6794364624936
8;2.39354702377189;22.4588870195696
6;8.74929629812818;-25.7133177434849
4;2.26028098447239;27.679505027694
4;3.99416931885263;25.8968032123663
6;2.31615120215246;16.7966137749122
7;2.03452158703166;12.9820746978973
3;-0.958113031068809;7.89898369310279
7;3.16699514634749;17.3832243521549
8;6.091449455636;-15.6523821219623
12;6.81779913028425;-7.98712276551366
12;7.09055286907038;-15.0401451638478
4;2.10830354480282;1.68238080022993
4;1.08950219642464;7.93312590232841
4;5.47056663478076;17.0411304828549
6;1.41395070340221;15.5811105098564
4;2.68102224014079;33.9139168152273
12;5.27041819747985;16.9461857485784
3;1.73748863962779;30.1263384257913
9;6.5815271454383;26.9488408561042
3;6.63816540385681;-6.7692082619796
12;7.23288523239473;20.0260256301362
1;0.504417134873409;14.0702868203517
6;6.32874252169228;7.38356468337766
13;9.26190354390002;-13.0677541661043
6;5.21121370012051;16.759649133886
5;4.35746610937162;6.27457496462509
5;3.1623982095724;-2.09671709873558
13;5.8311441257605;23.4499148883759
10;8.42161564265353;24.8465073719112
2;-1.67426100516709;22.4712780358701
3;1.93362368888133;-47.2208692221463
7;2.42208356608248;-12.9463366542009
7;5.84362604094502;23.7447063720923
9;2.81662726109498;-9.90672669601971
6;0.547047216975535;13.1707925948508
9;6.47767768923164;8.65825345285517
13;6.33880675478744;27.1480458236566
10;5.1870604293544;-9.20743340759277
5;2.18612792694622;3.84395261278546
3;-2.60762164431491;11.8984683342531
3;2.2225129519189;30.4530889493799
4;4.25202339273793;1.45238329515905
7;4.90124305323706;10.8081199395656
0;-1.5333064464356;-21.8569641200784
6;4.4840053287862;17.6610005987632
7;4.51915299279867;9.1363941216616
4;1.18884490576703;17.7861468502106
7;5.36641928664307;-3.21341129935827
7;6.4255623819483;38.7071324253173
8;6.97039029085719;2.20347791515384
6;4.22193942931462;7.42277497700137
9;4.59094840861726;2.88641647401106
5;4.69517846844937;21.9260978257794
10;7.03269595398452;-10.3689804784615
8;6.30107560703652;9.02924810537804
10;5.8491842819434;16.4913919693597
6;4.53191563026127;-19.9047977596599
7;-0.312714077547129;9.55437616286726
2;3.61026632129761;-6.87604124537331
7;5.3651043639771;33.5762157152441
1;-0.948881096831576;19.0979613798827
7;1.47263460843722;-29.5026781880022
5;3.28966133718817;23.3856956386599
7;3.01023018495587;9.35481853556375
10;6.10477731428175;-6.22649523798398
7;4.94860552855681;-2.11171255629638
9;4.90362167252762;-20.4428433322331
5;6.05971499002545;12.7239370330782
10;5.20421479751449;-27.7704627602852
9;12.1950794739416;2.19474445457704
9;4.15196461380846;14.1035121567392
3;-1.75230344351807;6.66766723990104
7;3.77458166075446;22.1834664462088
6;1.7022411152465;6.01096209111364
3;2.38415163244526;51.1788820845411
5;2.90395241845548;-12.1892634947266
7;1.33782206568215;35.7823233733217
5;5.37335554496973;-27.289323546979
11;9.05780786527633;-16.5463291661869
3;0.126721407142225;-13.027210940976
0;1.2446008593226;-25.4222472232572
5;3.36289071381684;34.6938769013554
4;0.794986901351387;25.6740664025995
8;4.64833880908456;32.4253299684716
9;3.57300120136983;-7.17842882915446
2;1.37624957181286;6.71194186618114
8;8.64249029064079;27.3701498216746
4;-1.67690233592453;26.2105957630762
8;6.91678065909578;16.2027354714454
4;3.25046230439028;8.16295081801325
8;2.96165366562349;-18.2834644463328
6;7.45577351492043;11.193723923805
8;2.52631202450193;1.43012370252591
5;2.58167384038596;-8.09049144042902
6;2.65862037945347;36.5231452800076
9;4.54622632622327;-9.0280747476259
4;3.72496543674877;9.85752778745622
9;6.79494204909572;15.3207151292214
3;-1.43363731826778;26.0230952408915
9;6.56517548152518;12.3460879243225
6;3.67212902886523;44.4643062994704
5;6.40440899775369;13.9027349578908
5;5.11106240080594;-4.76960336981069
7;7.44027665096699;7.05023071671291
4;1.39182184230931;18.382584912185
6;4.28308930452281;-38.8101761634124
7;3.83950724113386;3.08871897305949
6;1.45874327375923;5.83051417031971
7;7.04703372133948;0.2279825220399
4;-0.37583473561805;6.02737072973463
10;6.4917998061589;-34.8361272041413
8;4.16282037928963;11.9247256948888
4;5.6734895593531;5.06058685602253
6;3.69800939626692;-4.84857001532735
5;9.65287850436763;-52.2883744518101
9;9.21883020240791;-3.22425473795686
6;4.65182443560955;7.36417076104536
6;5.23043472177798;3.57678464463986
3;3.88370381623648;-7.17394857909609
6;0.504108066526426;11.4329057608385
6;0.588993100597259;-13.2097906408541
6;6.32292617737055;18.9856209463893
5;4.26201063609972;21.5146475038627
8;2.75380145316063;24.1508682382974
2;1.49601827463624;20.9769254073059
6;4.37205334348135;-2.04254420100057
6;1.40913153326694;4.50106343528448
6;4.96501086116822;29.9014674338969
5;2.9505773693556;17.2188391709932
9;10.3974198127429;11.9376606532122
9;1.68851078386322;30.583594219093
11;8.45407211157307;-7.53691683739281
5;2.66881630943361;5.50526543202916
8;2.64220714747528;31.0301800527449
8;3.58621903320949;0.0042061086458558
4;5.89023757418624;7.69996689590805
7;6.79215764244053;2.06653538778224
7;1.9548527563297;29.6786118827902
3;0.0529680976384137;7.70851964735242
7;3.16407038729157;6.34480584829393
7;4.45201172607889;-8.62444217022661
4;-1.48209626592448;-3.369258805078
6;5.75914963355896;-26.3842841816397
10;7.32910460145949;13.1917308154953
7;6.81392574619814;21.9560638586914
11;2.56241237328613;-21.7476861910493
8;8.36021871015792;13.0270945727558
8;7.00481610624183;11.5787179499806
7;5.26273879803453;8.90642000080412
12;8.01882059975869;6.42925220224315
11;8.86320295359642;37.698665217994
4;3.92850842732589;11.660141551586
7;3.71470939458369;33.0362524576031
7;1.76746147234728;14.0203404172032
3;3.34422776922865;14.7464719147987
2;-2.59558824368708;-5.79474910223069
8;4.78945210614873;58.8181483150864
11;5.9428682006864;3.80367848621369
3;-0.217656493399065;-4.94951735720859
6;2.61375063200022;12.6483429983928
2;2.57635097345296;13.1836035687585
6;4.80936123907718;19.4749184557792
4;2.7154921791661;-13.2984914874494
10;7.79710855310606;2.25629816960882
5;5.22762600801659;36.4858655574667
12;7.44379828805845;-4.65835406085517
5;4.70408845958258;-2.12381026221131
7;6.89870129973048;17.2044454844515
11;6.12457621665804;-7.12070294734073
10;5.9412058258291;27.6902400679451
11;5.17607268832214;13.4493657785458
5;3.52304183200244;6.79099422814274
8;8.24564066328656;-26.8342798792725
4;1.61677539728294;-1.94334028486058
3;1.83591464163475;45.685919688507
3;-2.40346229485767;-0.718103111844993
6;1.94151930904843;18.0875756596441
7;2.69820163675234;-13.4949523393896
8;3.20386141396332;-26.8140607850809
5;2.57888544412987;19.1879693929881
6;2.84499758893562;33.9865359259417
7;5.7863198215295;-25.8876061876809
7;4.33677821753042;21.921384964428
10;8.30500834751983;11.6186494135673
4;4.54309258815004;-2.32374621718286
2;0.93658908076515;39.9856996683231
3;1.66644870835598;-15.1028992291199
2;0.925039226181543;2.65121402316315
10;7.01685235925326;18.3701109307619
8;2.08420157602699;-16.6494804286566
7;-1.22539625631256;27.1193561157238
6;-0.0575006725350771;2.71693236131027
5;1.06942748747342;29.5829660885821
5;3.67346660660767;4.53406367816664
7;5.627729036526;-9.70210933240344
7;5.23190795028984;-21.8102966626704
12;8.72712118743299;-22.4613178474368
9;8.875850287672;2.01885812052131
7;2.45328148536354;-35.1255191839432
6;2.66984713665608;-26.1913707483619
10;8.92537658165053;44.2540313830216
6;7.35663664741112;1.43363552788735
10;3.50493065797227;32.1524134632286
2;3.44021425476728;37.9798409427634
5;4.8430003569452;7.38969141187255
5;4.51501669544681;5.07241232675221
8;-0.625128140833787;8.928868918493
5;3.38697628756294;18.594790134614
5;2.06625995502909;21.0224968992879
6;-0.355552804781175;-35.3040115955219
3;3.2353504906148;5.94791976173376
5;5.39502385363437;17.261932137197
4;3.70545619319217;1.59963037893202
3;2.28228397397422;9.51519048863571
6;1.79129218435364;22.8480828225011
12;7.88927935813205;2.04773802487083
11;4.6102788243305;35.7436462074095
9;3.60976808202208;14.0523870974151
7;6.30522182464622;-26.9138850514107
6;1.63541649721443;1.25669415932542
4;3.62016135767947;16.3526893625789
5;4.71785395087905;8.25358233527193
7;3.85996987131224;-22.4396602585164
5;-1.3437242529892;-32.6790502338267
8;7.33714072637867;3.63905983670541
7;3.4094563062711;18.7461386770583
3;0.129353194106968;-9.16001457544307
4;1.09193094824225;12.5535453763231
4;-0.763664073967783;16.6151547854896
13;11.8073842297042;24.4925218478668
2;3.79330686528635;16.7490501866209
7;2.03162872378499;9.90557557646854
3;1.82287678537134;-26.3200740834339
6;2.22572025211579;-5.16256296187715
4;2.48655567710265;22.1655770784878
6;-0.617475861982163;14.037334384296
6;4.19349025208877;-12.9580847370627
7;7.30358221529055;11.3802228976974
10;5.03335153738134;3.12070978840451
7;5.23433222099601;30.2861664984415
9;4.23988040433498;4.31981269442715
8;4.23626812890705;-2.76338060255869
7;0.412193489297929;-0.20909663818676
7;6.52356620885296;-12.5486902817423
5;-1.7336161715034;30.855028610133
4;-0.60666722474383;8.30375707215104
6;2.08036848150721;-7.06414151422992
5;3.98866738533823;12.9720780160302
8;2.37748214519012;22.1790425091731
11;4.33131825211455;-3.43824937138768
5;4.71590310735067;-1.10977778859395
9;7.57361524602772;3.8162397098304
9;4.46930576279059;-35.0374437590478
3;2.70682564706305;8.10872842714894
9;3.63764523402962;5.85124455031356
6;6.01331485237656;-0.240783975883146
4;2.02240878570067;-15.4238651664461
7;7.31402652141983;26.3071420686984
5;1.60893818098545;-4.15181675751047
6;5.41715006513121;7.70607825758551
10;6.92773190670201;47.2557519140255
9;5.07311244044611;-6.8366739077281
3;-1.63067957113855;-8.37475788091564
3;3.22692114296884;8.07757481862931
7;4.23195192111544;-0.707832231985047
5;2.19888984483732;-4.85392878401952
7;6.19654491699738;13.195430787762
5;5.64791922821022;9.58712901573712
16;11.3336792065555;-16.4925126663465
8;5.8598961917537;-22.6150170887694
1;0.565706320583856;16.9646648289138
8;5.97280032836938;-11.789372842955
4;4.57806658438273;-14.108501200947
8;3.00720192163487;29.7243614134511
8;4.10506972016268;6.519683043392
5;-0.49576835701188;-5.79145815269556
11;1.1720114791155;20.4707623885502
7;2.98631377177559;31.0860104765898
9;8.11103183798285;24.7021994821855
11;7.07198318404018;-15.2344302137235
3;0.421473171757221;-7.12058051436785
7;3.06167787799719;11.3345211101373
13;11.511994281939;-22.2938221729058
5;2.50137092442304;-2.63932559055328
2;2.776273567452;4.71414517696497
13;6.01173500522402;3.69163736002069
4;7.19481156490204;9.46864837723444
4;3.09884264053992;8.66364333357787
6;1.713876099929;22.8132248445832
7;2.56992563272821;3.93856310359815
13;9.57800317112401;-11.5971623103016
3;4.87761887065498;2.57941804349782
8;7.02531978734507;0.806839131303237
0;1.73213495687535;5.79179123425528
8;5.60981875903192;34.6198039495236
5;3.12095625482824;16.3332011678409
11;4.27099176363434;40.7916071726282
4;2.14867649303022;27.2809570230946
